{
    "score_points": 4.243886331901128,
    "lead_low_card": 1.2556717864156801,
    "lead_sum_to_15": 0.708905290606125,
    "closest_to_31": 0.4909863684216884,
    "save_ace": -0.14291792602101228,
    "play_ace": 0.539230278668833,
    "penalize_5": -0.4212444525088461,
    "illegal_play": -1.0428174233450616
}